date,symbol,short_volume,short_exempt_volume,total_volume,short_ratio_pct
2026-09-04,AAPL,7632509,27953,14537793,52.5
2026-09-04,ADBE,1921562,2518,2841846,67.62
2026-09-04,AMC,12139873,78656,31961635,37.98
2026-09-04,AMD,4815179,15643,8699535,55.35
2026-09-04,AMZN,3520450,23689,11371006,30.96
2026-09-04,ARM,780105,1515,1588319,49.12
2026-09-04,AVGO,3295288,18321,12301105,26.79
2026-09-04,BA,494200,1012,1605385,30.78
2026-09-04,BAC,3006048,4572,7668596,39.2
2026-09-04,COIN,1745183,5287,3228200,54.06
2026-09-04,COST,364001,1355,753097,48.33
2026-09-04,CRM,2157676,7975,3385746,63.73
2026-09-04,CVX,818941,6316,2016065,40.62
2026-09-04,DIA,365147,351,737268,49.53
2026-09-04,DIS,854284,2320,2001558,42.68
2026-09-04,GME,1615933,8300,2955569,54.67
2026-09-04,GOOGL,3189262,5702,7990601,39.91
2026-09-04,GS,196793,13,419140,46.95
2026-09-04,HOOD,5415389,176305,10768602,50.29
2026-09-04,INTC,17161766,83172,40726689,42.14
2026-09-04,IWM,2595235,1130,4846722,53.55
2026-09-04,JPM,641010,508,1614612,39.7
2026-09-04,LLY,306467,250,684459,44.78
2026-09-04,META,1883943,17778,5256454,35.84
2026-09-04,MPC,376284,363,603702,62.33
2026-09-04,MSFT,2493993,9837,5583533,44.67
2026-09-04,MSTR,3410470,10846,9572193,35.63
2026-09-04,MU,6217859,33599,15261960,40.74
2026-09-04,NFLX,10791965,20239,17046434,63.31
2026-09-04,NKE,3192592,19593,10012105,31.89
2026-09-04,NVDA,20805033,194697,58857238,35.35
2026-09-04,ORCL,4616979,17148,11131025,41.48
2026-09-04,PLTR,5789232,51472,11471203,50.47
2026-09-04,PSX,468749,1022,903907,51.86
2026-09-04,PYPL,1904715,3161,4398830,43.3
2026-09-04,QQQ,6598322,12848,11050748,59.71
2026-09-04,RIVN,3325385,64318,6886410,48.29
2026-09-04,SHOP,1243816,178,2432496,51.13
2026-09-04,SMCI,12564216,200391,26054707,48.22
2026-09-04,SOFI,4601812,13927,14623064,31.47
2026-09-04,SPY,7188084,5151,12402982,57.95
2026-09-04,TSLA,18162410,58437,29948131,60.65
2026-09-04,TSM,1883858,6511,5565870,33.85
2026-09-04,UBER,2562089,16899,5632006,45.49
2026-09-04,UNH,314357,6,866856,36.26
2026-09-04,V,493012,204,1105005,44.62
2026-09-04,VLO,546264,661,873339,62.55
2026-09-04,WMT,2556007,6470,6212427,41.14
2026-09-04,XOM,1842879,1389,4318228,42.68
2026-09-08,AAPL,7299789,43203,12239703,59.64
2026-09-08,ADBE,1409237,917,2243411,62.82
2026-09-08,AMC,7720059,12190,15262617,50.58
2026-09-08,AMD,8054921,22601,13017035,61.88
2026-09-08,AMZN,4358919,16582,11279060,38.65
2026-09-08,ARM,1308796,214,2339805,55.94
2026-09-08,AVGO,3238628,39402,10955893,29.56
2026-09-08,BA,777224,25667,1971087,39.43
2026-09-08,BAC,3361855,6432,6233218,53.93
2026-09-08,COIN,1433115,2810,2790068,51.36
2026-09-08,COST,412516,1493,797484,51.73
2026-09-08,CRM,3409056,24865,5750424,59.28
2026-09-08,CVX,1629299,8891,2629379,61.97
2026-09-08,DIA,538139,1078,1495665,35.98
2026-09-08,DIS,976707,3839,2230689,43.78
2026-09-08,GME,2590718,7128,4166903,62.17
2026-09-08,GOOGL,2883832,16616,8796889,32.78
2026-09-08,GS,205837,35,342899,60.03
2026-09-08,HOOD,5326154,89035,11200394,47.55
2026-09-08,INTC,28076298,144724,67175431,41.8
2026-09-08,IWM,3094349,684,4570683,67.7
2026-09-08,JPM,1006736,738,1790826,56.22
2026-09-08,LLY,385294,428,882489,43.66
2026-09-08,META,2896812,6190,6688169,43.31
2026-09-08,MPC,570512,10,758068,75.26
2026-09-08,MSFT,2124977,6660,5823409,36.49
2026-09-08,MSTR,2179313,3517,6557763,33.23
2026-09-08,MU,6687502,21646,12736461,52.51
2026-09-08,NFLX,6086000,144011,13655520,44.57
2026-09-08,NKE,6604171,24750,13494056,48.94
2026-09-08,NVDA,19153469,141734,51690889,37.05
2026-09-08,ORCL,7566782,6839,16642351,45.47
2026-09-08,PLTR,5668225,9804,8988016,63.06
2026-09-08,PSX,467231,2214,759597,61.51
2026-09-08,PYPL,1903350,1921,3482731,54.65
2026-09-08,QQQ,6449669,15683,10011204,64.42
2026-09-08,RIVN,3361079,21726,8234006,40.82
2026-09-08,SHOP,2287144,282,5709988,40.06
2026-09-08,SMCI,11204213,55452,21178040,52.9
2026-09-08,SOFI,6376799,17892,17485751,36.47
2026-09-08,SPY,6736109,3102,12031468,55.99
2026-09-08,TSLA,10331362,68968,23969997,43.1
2026-09-08,TSM,2289510,3893,5432146,42.15
2026-09-08,UBER,3783656,8779,9979288,37.92
2026-09-08,UNH,676559,1940,1541478,43.89
2026-09-08,V,946370,5476,1810528,52.27
2026-09-08,VLO,766171,818,1144303,66.96
2026-09-08,WMT,3145306,8680,6834903,46.02
2026-09-08,XOM,1405591,22627,4302721,32.67
2026-09-09,AAPL,18882373,43574,29846116,63.27
2026-09-09,ADBE,917177,1504,1364916,67.2
2026-09-09,AMC,5051506,13703,12371916,40.83
2026-09-09,AMD,6027475,13886,10759960,56.02
2026-09-09,AMZN,3733231,12666,13227995,28.22
2026-09-09,ARM,785304,1400,1556055,50.47
2026-09-09,AVGO,2720209,16323,8389224,32.43
2026-09-09,BA,643026,1029,1845910,34.84
2026-09-09,BAC,3799504,7813,8935788,42.52
2026-09-09,COIN,1355326,732,2765576,49.01
2026-09-09,COST,343223,673,814957,42.12
2026-09-09,CRM,2065440,5031,3464316,59.62
2026-09-09,CVX,1593713,8323,3458757,46.08
2026-09-09,DIA,637131,348,1498100,42.53
2026-09-09,DIS,987586,6066,2367806,41.71
2026-09-09,GME,3132491,23325,7175013,43.66
2026-09-09,GOOGL,3634148,16428,11521843,31.54
2026-09-09,GS,263943,1066,538755,48.99
2026-09-09,HOOD,4102229,29229,8791351,46.66
2026-09-09,INTC,21955096,91830,48898179,44.9
2026-09-09,IWM,5300070,3929,7723823,68.62
2026-09-09,JPM,1042257,4663,2027104,51.42
2026-09-09,LLY,328577,786,713224,46.07
2026-09-09,META,5652111,51187,14568521,38.8
2026-09-09,MPC,494282,15,757926,65.22
2026-09-09,MSFT,1973018,13880,4914334,40.15
2026-09-09,MSTR,2611955,11553,7151069,36.53
2026-09-09,MU,4855754,38624,12269036,39.58
2026-09-09,NFLX,3676784,32351,8556549,42.97
2026-09-09,NKE,10560952,46383,18841686,56.05
2026-09-09,NVDA,14106872,100515,35128761,40.16
2026-09-09,ORCL,5019542,4229,11920770,42.11
2026-09-09,PLTR,5878697,18001,8984141,65.43
2026-09-09,PSX,527603,2423,826833,63.81
2026-09-09,PYPL,1611112,1811,3152655,51.1
2026-09-09,QQQ,5283901,24035,8641906,61.14
2026-09-09,RIVN,3784534,16670,8227709,46.0
2026-09-09,SHOP,2026301,1372,6717643,30.16
2026-09-09,SMCI,7121897,30861,14469006,49.22
2026-09-09,SOFI,8829814,60595,20389599,43.31
2026-09-09,SPY,6595991,19792,11193227,58.93
2026-09-09,TSLA,8326199,40067,16574660,50.23
2026-09-09,TSM,1551866,4104,3156177,49.17
2026-09-09,UBER,2609127,8545,8797071,29.66
2026-09-09,UNH,1632011,6026,3182088,51.29
2026-09-09,V,828674,1477,1668159,49.68
2026-09-09,VLO,712355,1167,1104137,64.52
2026-09-09,WMT,1811918,9852,4678819,38.73
2026-09-09,XOM,1560391,13319,4574792,34.11
2026-09-10,AAPL,18999803,86379,32244648,58.92
2026-09-10,ADBE,2072714,592,3168290,65.42
2026-09-10,AMC,4853855,1006,11350744,42.76
2026-09-10,AMD,4702550,14184,6962462,67.54
2026-09-10,AMZN,2700840,15991,9409580,28.7
2026-09-10,ARM,798135,66,1419949,56.21
2026-09-10,AVGO,1806927,2680,6135308,29.45
2026-09-10,BA,603984,2123,1905217,31.7
2026-09-10,BAC,3356362,6263,7458512,45.0
2026-09-10,COIN,1157582,3052,2236176,51.77
2026-09-10,COST,319888,1672,752744,42.5
2026-09-10,CRM,1680055,2396,2995079,56.09
2026-09-10,CVX,1567527,15448,3013133,52.02
2026-09-10,DIA,676884,3405,1930696,35.06
2026-09-10,DIS,1205387,9268,2529750,47.65
2026-09-10,GME,3227056,27804,4697268,68.7
2026-09-10,GOOGL,2150527,5990,8221994,26.16
2026-09-10,GS,192646,61,364294,52.88
2026-09-10,HOOD,3744630,12440,7727793,48.46
2026-09-10,INTC,18885408,135608,41561507,45.44
2026-09-10,IWM,5849517,5165,9049511,64.64
2026-09-10,JPM,561822,1812,1426741,39.38
2026-09-10,LLY,342982,17,712563,48.13
2026-09-10,META,3906318,21071,8594578,45.45
2026-09-10,MPC,511400,57,825172,61.97
2026-09-10,MSFT,2014319,6285,5012479,40.19
2026-09-10,MSTR,1878290,9348,5748224,32.68
2026-09-10,MU,5880147,11142,11485393,51.2
2026-09-10,NFLX,2663787,15942,8136940,32.74
2026-09-10,NKE,6774131,62185,16115693,42.03
2026-09-10,NVDA,17783021,61885,41026082,43.35
2026-09-10,ORCL,8016500,19173,19249523,41.65
2026-09-10,PLTR,5065416,14804,8175481,61.96
2026-09-10,PSX,555507,3738,876814,63.36
2026-09-10,PYPL,1793949,9137,3681958,48.72
2026-09-10,QQQ,5972517,37900,10225622,58.41
2026-09-10,RIVN,4203813,46812,9791724,42.93
2026-09-10,SHOP,1302097,421,5542748,23.49
2026-09-10,SMCI,5409220,73446,11295740,47.89
2026-09-10,SOFI,7123945,25277,17992346,39.59
2026-09-10,SPY,10026713,30691,15842137,63.29
2026-09-10,TSLA,9152582,19546,14960500,61.18
2026-09-10,TSM,1450798,6430,2842469,51.04
2026-09-10,UBER,5860109,14394,16373980,35.79
2026-09-10,UNH,634421,3959,1419070,44.71
2026-09-10,V,579743,6776,1296385,44.72
2026-09-10,VLO,831120,2361,1249493,66.52
2026-09-10,WMT,2249504,9922,5799711,38.79
2026-09-10,XOM,2157458,10696,4934621,43.72
2026-09-11,AAPL,10055092,70273,20532000,48.97
2026-09-11,ADBE,2726899,4045,4570491,59.66
2026-09-11,AMC,3127839,9291,9973116,31.36
2026-09-11,AMD,5527037,17355,8664610,63.79
2026-09-11,AMZN,3283593,41396,11319000,29.01
2026-09-11,ARM,824060,1722,1648602,49.99
2026-09-11,AVGO,2399700,7466,6461757,37.14
2026-09-11,BA,552964,6445,1799489,30.73
2026-09-11,BAC,3406075,33551,8357748,40.75
2026-09-11,COIN,2143830,3327,3659017,58.59
2026-09-11,COST,234361,723,581728,40.29
2026-09-11,CRM,1786584,4406,2824660,63.25
2026-09-11,CVX,921016,17220,2255351,40.84
2026-09-11,DIA,504308,328,1082385,46.59
2026-09-11,DIS,1133249,56669,2346732,48.29
2026-09-11,GME,2577300,5918,4186303,61.57
2026-09-11,GOOGL,2075505,24762,8572217,24.21
2026-09-11,GS,183844,3654,401880,45.75
2026-09-11,HOOD,4774331,11225,9509379,50.21
2026-09-11,INTC,14477684,93347,37900211,38.2
2026-09-11,IWM,6053347,3603,10805975,56.02
2026-09-11,JPM,668650,5491,1723150,38.8
2026-09-11,LLY,242478,172,634726,38.2
2026-09-11,META,2082466,21020,5788009,35.98
2026-09-11,MPC,640744,1598,1051592,60.93
2026-09-11,MSFT,2757608,11270,5526965,49.89
2026-09-11,MSTR,2490838,3570,8312264,29.97
2026-09-11,MU,3742629,11615,9538658,39.24
2026-09-11,NFLX,2831240,29878,8167092,34.67
2026-09-11,NKE,4847547,30840,8817905,54.97
2026-09-11,NVDA,13390507,99044,35300144,37.93
2026-09-11,ORCL,18027951,125688,38974050,46.26
2026-09-11,PLTR,3747792,98231,6472599,57.9
2026-09-11,PSX,472954,1007,813376,58.15
2026-09-11,PYPL,1275435,3920,2810210,45.39
2026-09-11,QQQ,5930446,17002,8781631,67.53
2026-09-11,RIVN,4314792,19420,10797187,39.96
2026-09-11,SHOP,551949,1968,3920186,14.08
2026-09-11,SMCI,11846519,54339,24431833,48.49
2026-09-11,SOFI,4953206,20010,14320481,34.59
2026-09-11,SPY,10083329,51725,15576682,64.73
2026-09-11,TSLA,8613654,25550,14382571,59.89
2026-09-11,TSM,1692856,1079,3950235,42.85
2026-09-11,UBER,3854940,17029,11612593,33.2
2026-09-11,UNH,1304469,2328,3142372,41.51
2026-09-11,V,615003,2302,1239314,49.62
2026-09-11,VLO,882257,997,1250085,70.58
2026-09-11,WMT,2032801,7343,5714165,35.57
2026-09-11,XOM,1927320,24940,4220560,45.67
2026-09-14,AAPL,6475246,71836,13998279,46.26
2026-09-14,ADBE,1160706,8290,2093480,55.44
2026-09-14,AMC,3873051,3567,10681820,36.26
2026-09-14,AMD,6813054,20410,10698698,63.68
2026-09-14,AMZN,4815064,20051,14531336,33.14
2026-09-14,ARM,1609291,50126,2664228,60.4
2026-09-14,AVGO,4732724,5481,9658895,49.0
2026-09-14,BA,604010,1786,1433577,42.13
2026-09-14,BAC,9331840,138357,20740581,44.99
2026-09-14,COIN,2810683,12186,5307701,52.95
2026-09-14,COST,280507,1044,672135,41.73
2026-09-14,CRM,3066047,13698,4552724,67.35
2026-09-14,CVX,1569887,5547,2957506,53.08
2026-09-14,DIA,509767,109,1173487,43.44
2026-09-14,DIS,1176040,18462,2527932,46.52
2026-09-14,GME,2250986,1942,3542062,63.55
2026-09-14,GOOGL,3922914,27569,12573084,31.2
2026-09-14,GS,491972,668,806613,60.99
2026-09-14,HOOD,3609351,23232,7678928,47.0
2026-09-14,INTC,20274415,87675,43021257,47.13
2026-09-14,IWM,4824404,890,8279685,58.27
2026-09-14,JPM,1243849,16081,2504974,49.66
2026-09-14,LLY,362654,3034,804708,45.07
2026-09-14,META,3353749,7363,7567791,44.32
2026-09-14,MPC,889763,475,1351833,65.82
2026-09-14,MSFT,3050221,29318,8754339,34.84
2026-09-14,MSTR,3009757,15306,6893939,43.66
2026-09-14,MU,6205699,24711,12761016,48.63
2026-09-14,NFLX,4900493,101202,12213033,40.13
2026-09-14,NKE,6353321,22004,10988673,57.82
2026-09-14,NVDA,23260788,157180,52819239,44.04
2026-09-14,ORCL,5629388,25467,18296976,30.77
2026-09-14,PLTR,8682779,48966,13539907,64.13
2026-09-14,PSX,640877,1878,1081759,59.24
2026-09-14,PYPL,859690,1214,2039029,42.16
2026-09-14,QQQ,7558006,23284,11921342,63.4
2026-09-14,RIVN,4689667,10187,8954919,52.37
2026-09-14,SHOP,943765,3301,3142246,30.03
2026-09-14,SMCI,8439637,16722,17124379,49.28
2026-09-14,SOFI,6273119,38541,17697651,35.45
2026-09-14,SPY,7644666,27259,17794980,42.96
2026-09-14,TSLA,9455765,28885,15490819,61.04
2026-09-14,TSM,1994924,13704,4183304,47.69
2026-09-14,UBER,3043710,38464,7961746,38.23
2026-09-14,UNH,462125,1124,1563003,29.57
2026-09-14,V,1165700,17647,2003610,58.18
2026-09-14,VLO,1480757,17084,2027826,73.02
2026-09-14,WMT,2579608,7526,6876008,37.52
2026-09-14,XOM,1895213,4935,4576466,41.41
2026-09-15,AAPL,4652487,38051,11601146,40.1
2026-09-15,ADBE,922916,3324,1526624,60.45
2026-09-15,AMC,4319410,6383,9775241,44.19
2026-09-15,AMD,4377347,16021,7665174,57.11
2026-09-15,AMZN,5863571,124565,15863735,36.96
2026-09-15,ARM,836432,74426,1700773,49.18
2026-09-15,AVGO,3274907,25170,10411964,31.45
2026-09-15,BA,544088,610,1479554,36.77
2026-09-15,BAC,8083337,8128,15109941,53.5
2026-09-15,COIN,6092163,274919,8920937,68.29
2026-09-15,COST,295676,851,757495,39.03
2026-09-15,CRM,2277297,12397,3540684,64.32
2026-09-15,CVX,1491420,21195,3307702,45.09
2026-09-15,DIA,517513,653,1224242,42.27
2026-09-15,DIS,1316179,7699,2839834,46.35
2026-09-15,GME,1281008,6585,2042372,62.72
2026-09-15,GOOGL,2132432,18126,7321449,29.13
2026-09-15,GS,422818,1415,978950,43.19
2026-09-15,HOOD,7886545,41574,15114477,52.18
2026-09-15,INTC,15360604,124586,39182696,39.2
2026-09-15,IWM,6603099,3628,10932005,60.4
2026-09-15,JPM,2119832,2558,3729205,56.84
2026-09-15,LLY,299753,210,644206,46.53
2026-09-15,META,3674739,14101,8286782,44.34
2026-09-15,MPC,685016,3276,1118637,61.24
2026-09-15,MSFT,1930397,20606,6307886,30.6
2026-09-15,MSTR,4978315,37548,9953903,50.01
2026-09-15,MU,3248641,12915,9822729,33.07
2026-09-15,NFLX,4348118,19808,10480607,41.49
2026-09-15,NKE,8249501,51815,16065886,51.35
2026-09-15,NVDA,12978591,135303,32536058,39.89
2026-09-15,ORCL,4295226,14845,14624964,29.37
2026-09-15,PLTR,7035149,62966,12612691,55.78
2026-09-15,PSX,623472,554,963972,64.68
2026-09-15,PYPL,911723,4843,1935588,47.1
2026-09-15,QQQ,6189608,34638,9503121,65.13
2026-09-15,RIVN,5516534,54116,11181933,49.33
2026-09-15,SHOP,670340,399,2407922,27.84
2026-09-15,SMCI,5242941,26875,12370114,42.38
2026-09-15,SOFI,13557432,19486,34292642,39.53
2026-09-15,SPY,11115783,60777,17924980,62.01
2026-09-15,TSLA,8555226,56561,16300134,52.49
2026-09-15,TSM,1242322,8320,3303895,37.6
2026-09-15,UBER,3077610,12268,5913749,52.04
2026-09-15,UNH,465163,5691,1596085,29.14
2026-09-15,V,933857,3040,1521845,61.36
2026-09-15,VLO,1037752,949,1436476,72.24
2026-09-15,WMT,2467482,5247,7361326,33.52
2026-09-15,XOM,2342731,1601,5002025,46.84
2026-09-16,AAPL,6142196,42183,12495190,49.16
2026-09-16,ADBE,1020353,2972,1643167,62.1
2026-09-16,AMC,4804564,8071,15212529,31.58
2026-09-16,AMD,6305524,19298,11168095,56.46
2026-09-16,AMZN,6677218,28416,14925846,44.74
2026-09-16,ARM,609582,3354,1246186,48.92
2026-09-16,AVGO,2751769,9088,7791103,35.32
2026-09-16,BA,3088019,1648,5833070,52.94
2026-09-16,BAC,6908568,9468,16905316,40.87
2026-09-16,COIN,3731446,381406,6198939,60.19
2026-09-16,COST,402217,1798,755441,53.24
2026-09-16,CRM,1713205,4550,3126740,54.79
2026-09-16,CVX,1272387,1958,3075520,41.37
2026-09-16,DIA,940691,678,2289300,41.09
2026-09-16,DIS,1693960,19236,3035936,55.8
2026-09-16,GME,1650497,26,2771900,59.54
2026-09-16,GOOGL,3544798,15220,7433912,47.68
2026-09-16,GS,578123,2332,1329230,43.49
2026-09-16,HOOD,8413368,23504,16606530,50.66
2026-09-16,INTC,26495778,129298,56548139,46.86
2026-09-16,IWM,5058501,4558,8764783,57.71
2026-09-16,JPM,1788984,1315,2882679,62.06
2026-09-16,LLY,207745,2748,526609,39.45
2026-09-16,META,3899627,21345,8204587,47.53
2026-09-16,MPC,667812,498,1068973,62.47
2026-09-16,MSFT,2750590,14517,6365598,43.21
2026-09-16,MSTR,3803859,12709,9141357,41.61
2026-09-16,MU,3349194,22781,10903508,30.72
2026-09-16,NFLX,3762587,26479,8998171,41.82
2026-09-16,NKE,6535740,15645,12420600,52.62
2026-09-16,NVDA,17019969,138810,40065786,42.48
2026-09-16,ORCL,5164521,19287,16219038,31.84
2026-09-16,PLTR,5282178,16868,10074531,52.43
2026-09-16,PSX,611243,6340,977639,62.52
2026-09-16,PYPL,1008295,2414,2618322,38.51
2026-09-16,QQQ,7455239,31133,12387335,60.18
2026-09-16,RIVN,6847935,31920,14715159,46.54
2026-09-16,SHOP,1109745,0,2864237,38.74
2026-09-16,SMCI,6348846,33139,14676646,43.26
2026-09-16,SOFI,11863930,71160,30454578,38.96
2026-09-16,SPY,12096670,67471,21757579,55.6
2026-09-16,TSLA,9572952,24196,16690602,57.36
2026-09-16,TSM,1673641,1090,4176135,40.08
2026-09-16,UBER,4511240,31533,6757492,66.76
2026-09-16,UNH,394822,1152,1251823,31.54
2026-09-16,V,1131070,2249,2251326,50.24
2026-09-16,VLO,925730,268,1291007,71.71
2026-09-16,WMT,1850836,14643,5251156,35.25
2026-09-16,XOM,2354259,16857,4745587,49.61
2026-09-17,AAPL,8061053,14583,13766217,58.56
2026-09-17,ADBE,1245828,2843,1845533,67.51
2026-09-17,AMC,4791309,15508,13083946,36.62
2026-09-17,AMD,8189983,21087,13328555,61.45
2026-09-17,AMZN,3747374,15659,11283401,33.21
2026-09-17,ARM,1137361,3346,2409953,47.19
2026-09-17,AVGO,2211485,14620,7600125,29.1
2026-09-17,BA,2329088,392,5491681,42.41
2026-09-17,BAC,4725409,23297,11203428,42.18
2026-09-17,COIN,2698018,9175,4387616,61.49
2026-09-17,COST,397711,207,805380,49.38
2026-09-17,CRM,2869469,5174,5163686,55.57
2026-09-17,CVX,863611,2988,2485265,34.75
2026-09-17,DIA,541976,895,989891,54.75
2026-09-17,DIS,1283603,1043,2819495,45.53
2026-09-17,GME,2693611,2618,4305174,62.57
2026-09-17,GOOGL,2901258,7659,7623733,38.06
2026-09-17,GS,574141,1444,1267806,45.29
2026-09-17,HOOD,4612452,18588,9906482,46.56
2026-09-17,INTC,31720402,239340,66341071,47.81
2026-09-17,IWM,2869445,1695,6883288,41.69
2026-09-17,JPM,1283738,1303,2268902,56.58
2026-09-17,LLY,251991,8,583712,43.17
2026-09-17,META,2619918,5995,5845864,44.82
2026-09-17,MPC,598208,40,896906,66.7
2026-09-17,MSFT,2729658,9909,5684899,48.02
2026-09-17,MSTR,3046720,9531,7412662,41.1
2026-09-17,MU,3605418,24856,9717887,37.1
2026-09-17,NFLX,5328436,47551,11565732,46.07
2026-09-17,NKE,11962393,35165,20011596,59.78
2026-09-17,NVDA,15184664,153738,36329077,41.8
2026-09-17,ORCL,4058040,65818,12541212,32.36
2026-09-17,PLTR,5108813,11037,9837167,51.93
2026-09-17,PSX,735761,1717,1005285,73.19
2026-09-17,PYPL,1164619,7543,2297696,50.69
2026-09-17,QQQ,6367437,15597,12568933,50.66
2026-09-17,RIVN,4905578,39367,12600541,38.93
2026-09-17,SHOP,907633,159,3522950,25.76
2026-09-17,SMCI,14104527,201055,29824154,47.29
2026-09-17,SOFI,13486081,51729,27511298,49.02
2026-09-17,SPY,6503853,648535,15077531,43.14
2026-09-17,TSLA,11341998,47166,19293376,58.79
2026-09-17,TSM,1453930,3146,3646762,39.87
2026-09-17,UBER,3917608,8107,7351082,53.29
2026-09-17,UNH,544291,7848,1477252,36.84
2026-09-17,V,819938,7118,1527965,53.66
2026-09-17,VLO,839221,776,1248443,67.22
2026-09-17,WMT,3045637,6685,6312641,48.25
2026-09-17,XOM,2478599,3014,4242771,58.42
2026-09-18,AAPL,6955866,53338,12748984,54.56
2026-09-18,ADBE,894688,1989,1514066,59.09
2026-09-18,AMC,3935676,15556,8705367,45.21
2026-09-18,AMD,5912340,6562,8738658,67.66
2026-09-18,AMZN,4737661,16049,11431016,41.45
2026-09-18,ARM,1361292,1162,2085241,65.28
2026-09-18,AVGO,4330819,21077,9348658,46.33
2026-09-18,BA,1410392,228,3256419,43.31
2026-09-18,BAC,4233087,1766,10454539,40.49
2026-09-18,COIN,4952644,11281,9476488,52.26
2026-09-18,COST,377000,1562,669621,56.3
2026-09-18,CRM,2389775,8983,3472396,68.82
2026-09-18,CVX,1547011,1083,3228700,47.91
2026-09-18,DIA,486510,859,1040548,46.76
2026-09-18,DIS,1965039,3396,3712634,52.93
2026-09-18,GME,1771346,4185,2979648,59.45
2026-09-18,GOOGL,5781423,13631,12854298,44.98
2026-09-18,GS,321708,197,699404,46.0
2026-09-18,HOOD,9570086,44978,18206360,52.56
2026-09-18,INTC,25644231,101183,41685403,61.52
2026-09-18,IWM,4815518,17700,11426070,42.15
2026-09-18,JPM,1138454,2340,2161280,52.67
2026-09-18,LLY,292690,788,589328,49.67
2026-09-18,META,5825936,4535,9295715,62.67
2026-09-18,MPC,626533,2464,1056577,59.3
2026-09-18,MSFT,2852968,3385,6158065,46.33
2026-09-18,MSTR,7802627,8545,20862569,37.4
2026-09-18,MU,6480176,19110,13589518,47.69
2026-09-18,NFLX,16496077,82810,30266381,54.5
2026-09-18,NKE,11192545,42027,17616821,63.53
2026-09-18,NVDA,14478744,102939,38946349,37.18
2026-09-18,ORCL,3964308,17031,11080743,35.78
2026-09-18,PLTR,5155486,11153,8388964,61.46
2026-09-18,PSX,780984,405,1099626,71.02
2026-09-18,PYPL,1054077,1466,2867677,36.76
2026-09-18,QQQ,12823995,19718,16751858,76.55
2026-09-18,RIVN,7158211,11951,14108805,50.74
2026-09-18,SHOP,883362,449,2295079,38.49
2026-09-18,SMCI,8604421,32523,17721272,48.55
2026-09-18,SOFI,8407704,45109,23228291,36.2
2026-09-18,SPY,26947860,10305,35373467,76.18
2026-09-18,TSLA,12219059,29658,20590588,59.34
2026-09-18,TSM,1010672,2935,3165541,31.93
2026-09-18,UBER,2125720,19701,5552158,38.29
2026-09-18,UNH,499109,3297,1200713,41.57
2026-09-18,V,771290,2870,1657050,46.55
2026-09-18,VLO,822234,3,1196338,68.73
2026-09-18,WMT,2601405,17534,5391613,48.25
2026-09-18,XOM,2148888,1446,3417733,62.87
2026-09-21,AAPL,5442428,23826,12178461,44.69
2026-09-21,ADBE,1054189,3675,1851527,56.94
2026-09-21,AMC,8233815,11037,25245468,32.62
2026-09-21,AMD,10899815,68215,20101302,54.22
2026-09-21,AMZN,5656699,11888,16691151,33.89
2026-09-21,ARM,3579102,5766,5666707,63.16
2026-09-21,AVGO,4914920,6596,10648939,46.15
2026-09-21,BA,1282112,2236,2756384,46.51
2026-09-21,BAC,2734864,25163,9951599,27.48
2026-09-21,COIN,3763505,17810,5855845,64.27
2026-09-21,COST,367688,148,789607,46.57
2026-09-21,CRM,1491503,10125,3177438,46.94
2026-09-21,CVX,1471374,11592,2831304,51.97
2026-09-21,DIA,777358,7088,1112920,69.85
2026-09-21,DIS,1083549,815,2555876,42.39
2026-09-21,GME,1959287,27599,3578414,54.75
2026-09-21,GOOGL,3873137,11414,10817631,35.8
2026-09-21,GS,211887,1941,674457,31.42
2026-09-21,HOOD,6609310,48467,13080379,50.53
2026-09-21,INTC,42868678,229495,87529814,48.98
2026-09-21,IWM,4028303,7317,6058708,66.49
2026-09-21,JPM,793801,1032,2020804,39.28
2026-09-21,LLY,369311,34,745141,49.56
2026-09-21,META,10611615,53357,22101385,48.01
2026-09-21,MPC,586121,805,1685398,34.78
2026-09-21,MSFT,3064820,15864,8759298,34.99
2026-09-21,MSTR,7470192,11578,16587514,45.04
2026-09-21,MU,4937848,22134,12517372,39.45
2026-09-21,NFLX,4848203,42110,15665067,30.95
2026-09-21,NKE,6455623,123635,16717923,38.61
2026-09-21,NVDA,15836535,129820,46149680,34.32
2026-09-21,ORCL,2888537,20225,10755654,26.86
2026-09-21,PLTR,5496832,26034,9323913,58.95
2026-09-21,PSX,486416,3337,1149088,42.33
2026-09-21,PYPL,1066073,4048,2683406,39.73
2026-09-21,QQQ,8764844,30276,16381726,53.5
2026-09-21,RIVN,3335560,98878,8973944,37.17
2026-09-21,SHOP,3131556,835,6447705,48.57
2026-09-21,SMCI,10013637,96879,22558824,44.39
2026-09-21,SOFI,19074988,29601,44477985,42.89
2026-09-21,SPY,8793395,18054,17247544,50.98
2026-09-21,TSLA,9778005,43888,17413033,56.15
2026-09-21,TSM,1100485,4527,3926438,28.03
2026-09-21,UBER,2484078,6754,7111540,34.93
2026-09-21,UNH,622579,1771,1691303,36.81
2026-09-21,V,1028050,232,1886872,54.48
2026-09-21,VLO,912687,1146,1571235,58.09
2026-09-21,WMT,2050824,12360,5241649,39.13
2026-09-21,XOM,2994834,7410,5412697,55.33
2026-09-22,AAPL,8339440,34771,14683082,56.8
2026-09-22,ADBE,1588859,2850,2765268,57.46
2026-09-22,AMC,5972355,40055,15043894,39.7
2026-09-22,AMD,6207362,12939,12010435,51.68
2026-09-22,AMZN,5311020,16266,16538065,32.11
2026-09-22,ARM,2015679,5532,3229052,62.42
2026-09-22,AVGO,3408219,23225,7763111,43.9
2026-09-22,BA,1889529,12229,3776808,50.03
2026-09-22,BAC,5260989,18843,12990638,40.5
2026-09-22,COIN,1666972,3976,3161990,52.72
2026-09-22,COST,401524,383,826052,48.61
2026-09-22,CRM,2291681,5678,4773117,48.01
2026-09-22,CVX,1301276,5590,2550362,51.02
2026-09-22,DIA,907882,722,1460882,62.15
2026-09-22,DIS,909737,3604,2370647,38.38
2026-09-22,GME,4149643,24471,6887064,60.25
2026-09-22,GOOGL,5112792,25167,12401748,41.23
2026-09-22,GS,274877,1762,721527,38.1
2026-09-22,HOOD,3901664,76412,7423492,52.56
2026-09-22,INTC,22783135,122952,45114009,50.5
2026-09-22,IWM,6843414,13297,9226615,74.17
2026-09-22,JPM,1967459,7154,4342597,45.31
2026-09-22,LLY,489626,268,1055358,46.39
2026-09-22,META,7173280,24277,14414944,49.76
2026-09-22,MPC,784387,1824,1784456,43.96
2026-09-22,MSFT,3788194,15959,8257996,45.87
2026-09-22,MSTR,4844969,5495,9396923,51.56
2026-09-22,MU,4600735,33659,14832398,31.02
2026-09-22,NFLX,5903545,44538,15190605,38.86
2026-09-22,NKE,5489042,44989,11590683,47.36
2026-09-22,NVDA,13466938,88411,36579312,36.82
2026-09-22,ORCL,3805498,17533,13745789,27.68
2026-09-22,PLTR,5272351,36623,8824798,59.74
2026-09-22,PSX,933333,161,1590729,58.67
2026-09-22,PYPL,3339601,9876,8086993,41.3
2026-09-22,QQQ,8181447,23779,13437159,60.89
2026-09-22,RIVN,5291074,20561,9878924,53.56
2026-09-22,SHOP,6149203,10797,10454752,58.82
2026-09-22,SMCI,8061528,48881,16307813,49.43
2026-09-22,SOFI,29430219,79371,55641652,52.89
2026-09-22,SPY,6865180,7915,10422905,65.87
2026-09-22,TSLA,9155592,38379,14688489,62.33
2026-09-22,TSM,1680092,2784,4162914,40.36
2026-09-22,UBER,4409219,17285,9790010,45.04
2026-09-22,UNH,604459,2497,1521863,39.72
2026-09-22,V,1153361,3984,2354723,48.98
2026-09-22,VLO,1905921,4391,3306980,57.63
2026-09-22,WMT,2768351,17612,6763015,40.93
2026-09-22,XOM,2168983,8418,4649307,46.65
2026-09-23,AAPL,4574535,38040,10431560,43.85
2026-09-23,ADBE,672327,521,1519485,44.25
2026-09-23,AMC,5300461,9737,11750635,45.11
2026-09-23,AMD,4065889,13157,7460745,54.5
2026-09-23,AMZN,4503431,8915,19027192,23.67
2026-09-23,ARM,1866656,2983,3012521,61.96
2026-09-23,AVGO,3225056,8815,7226561,44.63
2026-09-23,BA,1433060,47287,4777769,29.99
2026-09-23,BAC,4102091,22513,13057624,31.42
2026-09-23,COIN,1914412,5139,3241616,59.06
2026-09-23,COST,333953,418,704803,47.38
2026-09-23,CRM,1466128,16771,3308679,44.31
2026-09-23,CVX,1166946,4124,2449778,47.63
2026-09-23,DIA,437080,209,1047846,41.71
2026-09-23,DIS,961834,6411,3124730,30.78
2026-09-23,GME,3832063,16734,5928893,64.63
2026-09-23,GOOGL,5264905,26111,14011718,37.58
2026-09-23,GS,315664,1630,738970,42.72
2026-09-23,HOOD,4297716,106091,8110812,52.99
2026-09-23,INTC,19274955,102245,40109932,48.06
2026-09-23,IWM,5957915,1657,8531885,69.83
2026-09-23,JPM,1010708,3114,2513739,40.21
2026-09-23,LLY,396359,958,759926,52.16
2026-09-23,META,8098362,21885,14745535,54.92
2026-09-23,MPC,770233,1049,1767526,43.58
2026-09-23,MSFT,2932635,6505,7024766,41.75
2026-09-23,MSTR,4437745,19643,8835875,50.22
2026-09-23,MU,3045418,20433,10907667,27.92
2026-09-23,NFLX,3127891,33331,13052401,23.96
2026-09-23,NKE,7649551,20165,15386947,49.71
2026-09-23,NVDA,12791057,91612,33881445,37.75
2026-09-23,ORCL,3448380,26536,10375014,33.24
2026-09-23,PLTR,11261101,21889,18567513,60.65
2026-09-23,PSX,1012904,793,1827242,55.43
2026-09-23,PYPL,1982671,12123,3895525,50.9
2026-09-23,QQQ,7031941,20106,12883249,54.58
2026-09-23,RIVN,4498843,32264,9105830,49.41
2026-09-23,SHOP,5696344,3010,9912826,57.46
2026-09-23,SMCI,8076231,58673,18133358,44.54
2026-09-23,SOFI,15981903,93402,30230520,52.87
2026-09-23,SPY,9963244,17472,14533749,68.55
2026-09-23,TSLA,9328895,46923,17589642,53.04
2026-09-23,TSM,1329670,7418,4436252,29.97
2026-09-23,UBER,3867191,6154,8086416,47.82
2026-09-23,UNH,698987,4460,1633813,42.78
2026-09-23,V,873601,3630,1808021,48.32
2026-09-23,VLO,2243095,2655,3315028,67.66
2026-09-23,WMT,2132575,17612,5373225,39.69
2026-09-23,XOM,1959577,6575,4587980,42.71
2026-09-24,AAPL,4408113,13863,8953313,49.23
2026-09-24,ADBE,737446,1050,1302213,56.63
2026-09-24,AMC,5533178,11227,13552131,40.83
2026-09-24,AMD,6487836,15868,12284957,52.81
2026-09-24,AMZN,3404969,10574,13884196,24.52
2026-09-24,ARM,2705733,6826,4381121,61.76
2026-09-24,AVGO,2640938,9975,8600756,30.71
2026-09-24,BA,2112160,3457,4484618,47.1
2026-09-24,BAC,6645025,23661,13395298,49.61
2026-09-24,COIN,2252745,4113,3706797,60.77
2026-09-24,COST,508775,199,1082704,46.99
2026-09-24,CRM,1158353,2769,2329653,49.72
2026-09-24,CVX,2178182,947,3764908,57.85
2026-09-24,DIA,367731,833,843598,43.59
2026-09-24,DIS,1215306,27525,2637082,46.09
2026-09-24,GME,3047092,12610,5048086,60.36
2026-09-24,GOOGL,3895973,16403,9757184,39.93
2026-09-24,GS,318620,389,1021756,31.18
2026-09-24,HOOD,3475885,13239,6688936,51.96
2026-09-24,INTC,30997687,194985,62929415,49.26
2026-09-24,IWM,6558155,4972,9733244,67.38
2026-09-24,JPM,1073207,2412,2718597,39.48
2026-09-24,LLY,423262,628,995652,42.51
2026-09-24,META,9873687,44096,16547466,59.67
2026-09-24,MPC,429518,368,819948,52.38
2026-09-24,MSFT,2694037,5398,6905766,39.01
2026-09-24,MSTR,3870799,5701,7598246,50.94
2026-09-24,MU,3613061,16193,10908664,33.12
2026-09-24,NFLX,2565926,34456,8965406,28.62
2026-09-24,NKE,6815416,51337,15227721,44.76
2026-09-24,NVDA,10531577,64168,30273284,34.79
2026-09-24,ORCL,12068029,60980,27404526,44.04
2026-09-24,PLTR,6846572,19096,11285410,60.67
2026-09-24,PSX,498662,384,860959,57.92
2026-09-24,PYPL,1779475,7679,2781066,63.99
2026-09-24,QQQ,4746285,16462,8815760,53.84
2026-09-24,RIVN,6566082,20465,14188223,46.28
2026-09-24,SHOP,2141704,1192,3388586,63.2
2026-09-24,SMCI,7914499,55935,16792864,47.13
2026-09-24,SOFI,14337277,82451,32633654,43.93
2026-09-24,SPY,5814477,23734,12478734,46.6
2026-09-24,TSLA,7683322,12311,13813897,55.62
2026-09-24,TSM,1110471,3025,2780924,39.93
2026-09-24,UBER,3188829,14717,6505743,49.02
2026-09-24,UNH,831737,2726,1737530,47.87
2026-09-24,V,843003,2283,1639986,51.4
2026-09-24,VLO,836611,3670,1625619,51.46
2026-09-24,WMT,3260169,10486,7339749,44.42
2026-09-24,XOM,2138334,11257,4836685,44.21
2026-09-25,AAPL,6485654,66813,11119363,58.33
2026-09-25,ADBE,561040,78,1218616,46.04
2026-09-25,AMC,4129685,59343,10476866,39.42
2026-09-25,AMD,4802748,18737,8289301,57.94
2026-09-25,AMZN,3981841,14312,13425511,29.66
2026-09-25,ARM,1839624,1155,2994156,61.44
2026-09-25,AVGO,1691792,8371,6501727,26.02
2026-09-25,BA,850766,645,2359857,36.05
2026-09-25,BAC,4556556,55311,9735926,46.8
2026-09-25,COIN,1750571,5421,2655020,65.93
2026-09-25,COST,658382,1524,1714950,38.39
2026-09-25,CRM,1045654,5812,2272707,46.01
2026-09-25,CVX,1391774,2979,2268799,61.34
2026-09-25,DIA,456175,79,842196,54.16
2026-09-25,DIS,1385588,3455,2408323,57.53
2026-09-25,GME,3701066,64890,6533946,56.64
2026-09-25,GOOGL,2379457,18946,6845386,34.76
2026-09-25,GS,179758,637,708918,25.36
2026-09-25,HOOD,3839394,22804,6707299,57.24
2026-09-25,INTC,26505770,135991,44306133,59.82
2026-09-25,IWM,5272316,3778,7883448,66.88
2026-09-25,JPM,991387,11784,2754718,35.99
2026-09-25,LLY,363511,957,764856,47.53
2026-09-25,META,6273929,16590,12141824,51.67
2026-09-25,MPC,349686,426,725911,48.17
2026-09-25,MSFT,8295388,33231,17325651,47.88
2026-09-25,MSTR,3358026,3121,7195678,46.67
2026-09-25,MU,3456769,12372,9953125,34.73
2026-09-25,NFLX,2738226,34810,9760552,28.05
2026-09-25,NKE,6946712,35174,15986679,43.45
2026-09-25,NVDA,11691072,68524,33436442,34.97
2026-09-25,ORCL,3658621,15247,10400015,35.18
2026-09-25,PLTR,4205419,9012,7111878,59.13
2026-09-25,PSX,488474,1189,1142037,42.77
2026-09-25,PYPL,4695631,38295,7185088,65.35
2026-09-25,QQQ,6030070,12244,10451205,57.7
2026-09-25,RIVN,3672186,41407,8052482,45.6
2026-09-25,SHOP,1427157,156,2272791,62.79
2026-09-25,SMCI,11747877,91934,24874046,47.23
2026-09-25,SOFI,7982431,50891,18758218,42.55
2026-09-25,SPY,6373542,6303,12170952,52.37
2026-09-25,TSLA,13285548,51238,21215614,62.62
2026-09-25,TSM,1166567,9886,2531421,46.08
2026-09-25,UBER,2293508,9846,4649634,49.33
2026-09-25,UNH,820763,27,1656358,49.55
2026-09-25,V,876235,15555,1812534,48.34
2026-09-25,VLO,726243,3584,1383789,52.48
2026-09-25,WMT,2461234,3373,5334603,46.14
2026-09-25,XOM,1530862,14193,2812511,54.43
2026-09-28,AAPL,5133755,43551,10528843,48.76
2026-09-28,ADBE,1395291,2127,2122966,65.72
2026-09-28,AMC,15194070,184739,43538308,34.9
2026-09-28,AMD,6941822,13683,10444047,66.47
2026-09-28,AMZN,2961835,15589,11646572,25.43
2026-09-28,ARM,2520576,130086,4192943,60.11
2026-09-28,AVGO,2924987,5607,6777602,43.16
2026-09-28,BA,3911797,43607,8671050,45.11
2026-09-28,BAC,5487318,27987,10120177,54.22
2026-09-28,COIN,1462023,1242,2856586,51.18
2026-09-28,COST,314554,1234,756210,41.6
2026-09-28,CRM,1544443,7472,3541616,43.61
2026-09-28,CVX,2435331,139,3394952,71.73
2026-09-28,DIA,257401,2597,611807,42.07
2026-09-28,DIS,1658803,10096,3769912,44.0
2026-09-28,GME,2239809,1877,4335576,51.66
2026-09-28,GOOGL,2757304,15248,6521668,42.28
2026-09-28,GS,231894,862,631408,36.73
2026-09-28,HOOD,3204279,23308,5325701,60.17
2026-09-28,INTC,22793338,141694,49173937,46.35
2026-09-28,IWM,5268782,4381,8455293,62.31
2026-09-28,JPM,552025,1473,2402986,22.97
2026-09-28,LLY,311615,146,646399,48.21
2026-09-28,META,4985619,24661,11415726,43.67
2026-09-28,MPC,523899,0,968006,54.12
2026-09-28,MSFT,2467046,14626,6841938,36.06
2026-09-28,MSTR,3280361,2887,7006050,46.82
2026-09-28,MU,4703787,19373,10350104,45.45
2026-09-28,NFLX,4554272,63591,20743034,21.96
2026-09-28,NKE,6279339,130054,14840097,42.31
2026-09-28,NVDA,18969668,232881,57798312,32.82
2026-09-28,ORCL,4066862,11153,13160774,30.9
2026-09-28,PLTR,3607639,11671,6207026,58.12
2026-09-28,PSX,525260,1960,1096324,47.91
2026-09-28,PYPL,1230309,2338,3015529,40.8
2026-09-28,QQQ,10377853,23376,14884580,69.72
2026-09-28,RIVN,5776929,7167,12068501,47.87
2026-09-28,SHOP,1644720,3127,2890002,56.91
2026-09-28,SMCI,5984880,35996,13616519,43.95
2026-09-28,SOFI,15663980,120589,32032603,48.9
2026-09-28,SPY,7845757,11484,12462870,62.95
2026-09-28,TSLA,10088848,28842,17020542,59.27
2026-09-28,TSM,1346143,2364,2803046,48.02
2026-09-28,UBER,3729334,73876,7709373,48.37
2026-09-28,UNH,639832,765,1649242,38.8
2026-09-28,V,686971,3203,1780775,38.58
2026-09-28,VLO,773169,1842,1327226,58.25
2026-09-28,WMT,2217065,14349,6047436,36.66
2026-09-28,XOM,2374655,8474,5209434,45.58
2026-09-29,AAPL,6855569,42745,13472699,50.88
2026-09-29,ADBE,840869,3546,1425325,58.99
2026-09-29,AMC,8146004,115874,23687346,34.39
2026-09-29,AMD,4144813,13568,8062473,51.41
2026-09-29,AMZN,4258344,7666,12378591,34.4
2026-09-29,ARM,1825126,99926,2897598,62.99
2026-09-29,AVGO,2178057,10852,7517964,28.97
2026-09-29,BA,1479381,8231,4081529,36.25
2026-09-29,BAC,4587627,7347,9992455,45.91
2026-09-29,COIN,1488370,4016,2665741,55.83
2026-09-29,COST,454034,1281,892571,50.87
2026-09-29,CRM,1250937,2174,2853444,43.84
2026-09-29,CVX,1454745,1468,2153471,67.55
2026-09-29,DIA,714956,217,1095845,65.24
2026-09-29,DIS,915006,7553,1995499,45.85
2026-09-29,GME,3016086,4000,4392673,68.66
2026-09-29,GOOGL,3677983,11186,7952585,46.25
2026-09-29,GS,226826,795,630024,36.0
2026-09-29,HOOD,4194673,7093,6347852,66.08
2026-09-29,INTC,15626690,118176,41290342,37.85
2026-09-29,IWM,4529021,8760,8216779,55.12
2026-09-29,JPM,678583,5866,1814978,37.39
2026-09-29,LLY,322119,2113,645301,49.92
2026-09-29,META,6299783,24654,10969473,57.43
2026-09-29,MPC,379224,545,645770,58.72
2026-09-29,MSFT,3283129,34307,7541472,43.53
2026-09-29,MSTR,3946917,20368,6680941,59.08
2026-09-29,MU,3358654,16467,8982318,37.39
2026-09-29,NFLX,4234716,69698,12864472,32.92
2026-09-29,NKE,3990628,64791,11078110,36.02
2026-09-29,NVDA,20111852,135907,42103175,47.77
2026-09-29,ORCL,7103698,50442,21378753,33.23
2026-09-29,PLTR,2272384,18772,4789789,47.44
2026-09-29,PSX,385771,138,748397,51.55
2026-09-29,PYPL,1243567,7956,2480985,50.12
2026-09-29,QQQ,4919502,17956,8917752,55.17
2026-09-29,RIVN,5182074,36928,10544742,49.14
2026-09-29,SHOP,1959224,1409,3633959,53.91
2026-09-29,SMCI,6439717,26793,12074304,53.33
2026-09-29,SOFI,10025130,33543,21053153,47.62
2026-09-29,SPY,7841696,25723,13904630,56.4
2026-09-29,TSLA,7299754,28157,15562688,46.91
2026-09-29,TSM,1902484,3064,3606407,52.75
2026-09-29,UBER,2836912,17501,6773892,41.88
2026-09-29,UNH,551171,2739,1304457,42.25
2026-09-29,V,820923,6511,1478889,55.51
2026-09-29,VLO,507931,1295,941621,53.94
2026-09-29,WMT,3894883,18310,8744590,44.54
2026-09-29,XOM,1259089,8553,3346518,37.62
2026-09-30,AAPL,6527109,27741,15902818,41.04
2026-09-30,ADBE,750163,3272,1617716,46.37
2026-09-30,AMC,3909783,859866,9206372,42.47
2026-09-30,AMD,4214838,6631,7126340,59.14
2026-09-30,AMZN,3969799,25272,14503341,27.37
2026-09-30,ARM,995451,2906,1761015,56.53
2026-09-30,AVGO,2149522,4719,6044452,35.56
2026-09-30,BA,3056146,882,5256616,58.14
2026-09-30,BAC,3144091,18000,10692837,29.4
2026-09-30,COIN,1941148,10235,3286704,59.06
2026-09-30,COST,364552,166,700655,52.03
2026-09-30,CRM,1403536,4207,2975357,47.17
2026-09-30,CVX,958949,3452,1754210,54.67
2026-09-30,DIA,484226,1105,932043,51.95
2026-09-30,DIS,1102188,5412,2453697,44.92
2026-09-30,GME,4421381,62671,6865004,64.4
2026-09-30,GOOGL,5889101,27050,13019885,45.23
2026-09-30,GS,182385,64,556530,32.77
2026-09-30,HOOD,11164594,34305,17018000,65.6
2026-09-30,INTC,19832240,89454,41122474,48.23
2026-09-30,IWM,3056814,5210,6080175,50.28
2026-09-30,JPM,703125,2334,2262093,31.08
2026-09-30,LLY,704929,91,1184341,59.52
2026-09-30,META,3719462,14849,7586503,49.03
2026-09-30,MPC,427935,426,635858,67.3
2026-09-30,MSFT,2767396,14911,7717428,35.86
2026-09-30,MSTR,4498213,15313,7201245,62.46
2026-09-30,MU,4761708,10475,10517122,45.28
2026-09-30,NFLX,2897767,39219,12298362,23.56
2026-09-30,NKE,8362703,17002,14813738,56.45
2026-09-30,NVDA,16496297,110002,38738417,42.58
2026-09-30,ORCL,2638507,21694,8255228,31.96
2026-09-30,PLTR,4164592,12522,6850982,60.79
2026-09-30,PSX,453158,166,776004,58.4
2026-09-30,PYPL,1713186,8901,3445028,49.73
2026-09-30,QQQ,6481972,15220,9997128,64.84
2026-09-30,RIVN,4523147,2787,8585382,52.68
2026-09-30,SHOP,1315738,3690,2504364,52.54
2026-09-30,SMCI,6805067,22124,13527478,50.31
2026-09-30,SOFI,9003416,46016,21530987,41.82
2026-09-30,SPY,12292893,11835,18781621,65.45
2026-09-30,TSLA,8066478,35989,18274340,44.14
2026-09-30,TSM,1693146,6703,3222316,52.54
2026-09-30,UBER,2167057,6406,6534313,33.16
2026-09-30,UNH,612909,586,1661170,36.9
2026-09-30,V,1002974,1285,1918613,52.28
2026-09-30,VLO,409394,1282,890526,45.97
2026-09-30,WMT,4074005,16977,7437374,54.78
2026-09-30,XOM,1707610,10562,4007557,42.61
2026-10-01,AAPL,7247661,32593,12789813,56.67
2026-10-01,ADBE,661598,2406,1332765,49.64
2026-10-01,AMC,7510845,946940,19473487,38.57
2026-10-01,AMD,4494743,9428,8039212,55.91
2026-10-01,AMZN,3476522,17391,13380914,25.98
2026-10-01,ARM,761571,1090,1312646,58.02
2026-10-01,AVGO,3232504,8434,8143548,39.69
2026-10-01,BA,3514206,10171,6372571,55.15
2026-10-01,BAC,5498146,45710,22708804,24.21
2026-10-01,COIN,1397251,3712,2618331,53.36
2026-10-01,COST,395821,310,853452,46.38
2026-10-01,CRM,1167805,6962,2720984,42.92
2026-10-01,CVX,1246097,1538,2099386,59.36
2026-10-01,DIA,828733,6216,1465448,56.55
2026-10-01,DIS,1923660,2507,3638850,52.86
2026-10-01,GME,1645435,3521,2809730,58.56
2026-10-01,GOOGL,7873396,18759,14106227,55.82
2026-10-01,GS,293011,5073,965014,30.36
2026-10-01,HOOD,5418601,33219,8764107,61.83
2026-10-01,INTC,21360689,92505,55289341,38.63
2026-10-01,IWM,6505836,6105,10269785,63.35
2026-10-01,JPM,824963,18915,2966217,27.81
2026-10-01,LLY,383838,882,885326,43.36
2026-10-01,META,2289069,10266,5356042,42.74
2026-10-01,MPC,578437,1142,888501,65.1
2026-10-01,MSFT,2363646,5463,6825783,34.63
2026-10-01,MSTR,3545590,18626,7962175,44.53
2026-10-01,MU,9673275,54145,23002405,42.05
2026-10-01,NFLX,4628280,85980,16295909,28.4
2026-10-01,NKE,19793595,44318,31981489,61.89
2026-10-01,NVDA,22517296,129771,41606403,54.12
2026-10-01,ORCL,2535877,61311,8541753,29.69
2026-10-01,PLTR,4510012,34792,7457094,60.48
2026-10-01,PSX,522017,430,846750,61.65
2026-10-01,PYPL,1220879,1966,3318681,36.79
2026-10-01,QQQ,8848337,18443,12746457,69.42
2026-10-01,RIVN,6921476,17885,13639883,50.74
2026-10-01,SHOP,1092597,10893,2032179,53.76
2026-10-01,SMCI,6215952,30453,12327464,50.42
2026-10-01,SOFI,9981180,27966,21689750,46.02
2026-10-01,SPY,9002428,8763,17259616,52.16
2026-10-01,TSLA,7505509,53579,15700613,47.8
2026-10-01,TSM,1712439,4215,3734947,45.85
2026-10-01,UBER,2677688,18190,6622607,40.43
2026-10-01,UNH,496141,228,1570815,31.58
2026-10-01,V,715974,4965,1583076,45.23
2026-10-01,VLO,530523,589,1046627,50.69
2026-10-01,WMT,3317766,17723,5756456,57.64
2026-10-01,XOM,1941891,5041,3971991,48.89
2026-10-02,AAPL,5692524,130700,10528297,54.07
2026-10-02,ADBE,668425,1704,1173388,56.97
2026-10-02,AMC,3713515,694120,10443460,35.56
2026-10-02,AMD,5534828,24966,9064647,61.06
2026-10-02,AMZN,3920767,19547,11642842,33.68
2026-10-02,ARM,1680900,4944,2760422,60.89
2026-10-02,AVGO,2557244,11069,8619948,29.67
2026-10-02,BA,3178969,8537,6212888,51.17
2026-10-02,BAC,3581353,3970,11979151,29.9
2026-10-02,COIN,3055087,6392,5803869,52.64
2026-10-02,COST,299864,387,713749,42.01
2026-10-02,CRM,1114982,881,2205929,50.54
2026-10-02,CVX,1215310,1405,2205667,55.1
2026-10-02,DIA,764799,1425,1296401,58.99
2026-10-02,DIS,1344416,4426,2159122,62.27
2026-10-02,GME,3437171,2957,4906785,70.05
2026-10-02,GOOGL,4420861,14033,8727469,50.65
2026-10-02,GS,226394,111,580690,38.99
2026-10-02,HOOD,8589753,58282,14004778,61.33
2026-10-02,INTC,22753194,175042,44669616,50.94
2026-10-02,IWM,5690997,2071,9292260,61.24
2026-10-02,JPM,824626,157,2192635,37.61
2026-10-02,LLY,370063,12,742653,49.83
2026-10-02,META,1970191,11629,4952915,39.78
2026-10-02,MPC,576285,3692,920985,62.57
2026-10-02,MSFT,2096542,21992,6546921,32.02
2026-10-02,MSTR,4964308,10699,11686531,42.48
2026-10-02,MU,6852106,16857,12382508,55.34
2026-10-02,NFLX,4623546,114832,16813522,27.5
2026-10-02,NKE,33448805,61920,61578192,54.32
2026-10-02,NVDA,24336657,123173,52296569,46.54
2026-10-02,ORCL,3450753,18464,12295983,28.06
2026-10-02,PLTR,3799277,4553,7017747,54.14
2026-10-02,PSX,520515,168,776145,67.06
2026-10-02,PYPL,1339730,2222,2820938,47.49
2026-10-02,QQQ,6450062,27155,10427108,61.86
2026-10-02,RIVN,15162961,74177,30728597,49.34
2026-10-02,SHOP,1064084,8385,1940263,54.84
2026-10-02,SMCI,9454600,61803,20736393,45.59
2026-10-02,SOFI,10602820,37431,25863006,41.0
2026-10-02,SPY,8236135,37969,15966138,51.59
2026-10-02,TSLA,10560764,61144,24014680,43.98
2026-10-02,TSM,1511750,8584,3740768,40.41
2026-10-02,UBER,2453395,4309,6656435,36.86
2026-10-02,UNH,585429,8952,1268565,46.15
2026-10-02,V,666469,5473,1221535,54.56
2026-10-02,VLO,707554,1980,1274640,55.51
2026-10-02,WMT,3825449,12277,6787696,56.36
2026-10-02,XOM,2261947,471,3368403,67.15
